八佰	,剧情／战争／历史	,2020-08-21	
哈利·波特与魔法石	,剧情／战争／历史	,2020-08-21	
误杀	,剧情／战争／历史	,2020-08-21	
1917	,剧情／战争／历史	,2020-08-21	
命运之夜——天之杯3：春之歌	,剧情／战争／历史	,2020-08-21	
妙先生	,剧情／战争／历史	,2020-08-21	
星际穿越	,剧情／战争／历史	,2020-08-21	
釜山行2：半岛	,剧情／战争／历史	,2020-08-21	
刺猬索尼克	,剧情／战争／历史	,2020-08-21	
抵达之谜	,剧情／战争／历史	,2020-08-21	
八佰	,剧情／战争／历史	,2020-08-21	
哈利·波特与魔法石	,剧情／战争／历史	,2020-08-21	
误杀	,剧情／战争／历史	,2020-08-21	
1917	,剧情／战争／历史	,2020-08-21	
命运之夜——天之杯3：春之歌	,剧情／战争／历史	,2020-08-21	
妙先生	,剧情／战争／历史	,2020-08-21	
星际穿越	,剧情／战争／历史	,2020-08-21	
釜山行2：半岛	,剧情／战争／历史	,2020-08-21	
刺猬索尼克	,剧情／战争／历史	,2020-08-21	
抵达之谜	,剧情／战争／历史	,2020-08-21	
